111218	HPL_(구현체)
111226	HPSB
111227	HPSG
111228	HPSP
111229	HPT
111230	HPTCG
111231	HPTX
111232	HPU
111233	HPUE
111234	HPV
111235	HPV_백신
111236	HP_(기업)
111237	HP_0D
111238	HP_0F
111240	HP_0K
111241	HP_0N
111242	HP_0S
111244	HP_100LX
111245	HP_10N
111246	HP_10U
111247	HP_11N
111248	HP_12N
111249	HP_15H
111250	HP_19U
111251	HP_1D
111252	HP_1E
111253	HP_1F
111254	HP_1G
111255	HP_1K
111256	HP_200LX
111257	HP_2K
111259	HP_2S
111260	HP_2U
111261	HP_3N
111262	HP_3S
111264	HP_4N
111265	HP_4S
111266	HP_5N
111267	HP_5S
111268	HP_6N
111270	HP_7H
111271	HP_95LX
111272	HP_9N
111273	HP_9U
111274	HP_Autonomy
111275	HP_CSA
111277	HP_Data_Protector
111279	HP_LoadRunner
111281	HP_Openview
111282	HP_PC-8
111283	HP_ProLiant
111284	HP_Spectre
111285	HP_TouchPad
111286	HP_Z
111287	HP_네트워크_노드_매니저
111288	HP_데이터_프로텍터
111289	HP_로드러너
111290	HP_소프트웨어_디비전
111291	HP_스펙터
111292	HP_오토노미
111293	HP_오픈뷰
111294	HP_웹OS
111295	HP_제품_목록
111296	HP_주식회사
111297	HP_클라우드
111298	HP_클라우드_서비스_오토메이션
111299	HP_터치패드
111300	HP_프로라이언트
111301	HP_힐리온
111302	HPa
111303	HP로드러너
111304	HP오토노미
111305	HP터치패드
111306	HQ
111307	HQ-16
111308	HQ-19
111309	HQ-7
111310	HQ-9
111311	HQ9+
111312	HQ9_플러스
111313	HQS
111315	HR-V
111316	HR-셰르파
111318	HR/9IP
111320	HRA
111321	HRB
111322	HRC
111324	HRD
111325	HRE
111326	HREF
111328	HRG
111329	HRH_엘리자베스_공주
111330	HRI
111331	HRIS
111333	HRNG
111335	HRP-4C
111336	HRP_4C
111337	HRR
111339	HRRN_알고리즘
111340	HRRN스케줄링
111341	HRS
111342	HRT
111344	HRTV
111345	HRT_(동음이의)
111347	HRVY
111348	HRYR
111349	HR_1006
111350	HR_1008
111351	HR_1010
111352	HR_1017
111353	HR_1035
111354	HR_1084
111357	HR_1140
111358	HR_1142
111359	HR_1144
111361	HR_1149
111362	HR_1156
111363	HR_1165
111364	HR_1178
111365	HR_1180
111366	HR_1228
111367	HR_1239
111368	HR_1325
111369	HR_1336
111370	HR_1355
111371	HR_1409
111372	HR_1411
111373	HR_1412
111374	HR_1457
111375	HR_1465
111377	HR_15
111378	HR_1502
111379	HR_1532
111380	HR_154
111382	HR_1543
111383	HR_1603
111384	HR_1605
111385	HR_1607
111386	HR_1612
111387	HR_1614
111388	HR_163
111389	HR_1641
111390	HR_165
111391	HR_1652
111393	HR_166
111394	HR_1674
111395	HR_168
111396	HR_1708
111398	HR_1713
111399	HR_1729
111401	HR_1791
111402	HR_182
111403	HR_1845
111405	HR_1865
111406	HR_1879
111407	HR_1880
111408	HR_1895
111409	HR_1899
111410	HR_1903
111411	HR_1910
111415	HR_1949
111418	HR_1988
111419	HR_1996
111420	HR_1998
111421	HR_2004
111423	HR_2022
111424	HR_2047
111425	HR_2061
111426	HR_2077
111427	HR_2088
111428	HR_2095
111429	HR_21
111430	HR_215
111431	HR_219
111432	HR_2216
111433	HR_226
111434	HR_2261
111435	HR_2286
111436	HR_2294
111437	HR_2326
111438	HR_2421
111439	HR_2422
111440	HR_2456
111442	HR_2516
111443	HR_2530
111444	HR_2540
111445	HR_2550
111446	HR_2562
111447	HR_2562_B
111448	HR_2562_b
111449	HR_2569
111450	HR_2583
111451	HR_2618
111452	HR_264
111453	HR_2650
111454	HR_269
111455	HR_2693
111456	HR_271
111457	HR_2763
111458	HR_2773
111459	HR_2777
111460	HR_2821
111462	HR_2845
111463	HR_2854
111464	HR_2890
111465	HR_2891
111467	HR_2985
111468	HR_2990
111469	HR_3045
111470	HR_3165
111471	HR_3207
111472	HR_321
111474	HR_3307
111475	HR_335
111476	HR_337
111477	HR_3384
111479	HR_3429
111480	HR_3485
111482	HR_3572
111483	HR_3634
111484	HR_3685
111486	HR_370
111489	HR_3748
111490	HR_3765
111491	HR_3775
111493	HR_3815
111494	HR_3871
111496	HR_390
111497	HR_3905
111498	HR_3947
111501	HR_4031
111502	HR_4057
111504	HR_410
111506	HR_4112
111507	HR_4118
111508	HR_4128
111900	HSSJ
111902	HSTS
111906	HSUPA_Smartphone
111907	HSUPA_스마트폰
111908	HSV
111909	HSV_색_공간
111910	HSV_색공간
111911	HSV_컬러_스페이스
111912	HSV_함부르크
111913	HSV색공간
111914	HS_2201+2610
111916	HS_Produkt_VHS
111918	HS애드
111919	HS애드_(2004~2023년_기업)
111920	HS코드
111921	HS화성
111922	HS효성
111924	HS효성첨단소재
111925	HT
111926	HTA
111928	HTB
111929	HTC
111930	HTCC
111931	HTC_(기업)
111932	HTC_Dream
111933	HTC_EVO_4G+
111935	HTC_First
111936	HTC_G1
111937	HTC_HD2
111938	HTC_J_버터플라이
111939	HTC_J버터플라이
111941	HTC_ONE_M8
111942	HTC_One
111943	HTC_One_M8
111944	HTC_Pixel
111945	HTC_Pixel_2
111946	HTC_Pixel_XL
111947	HTC_Sensation
111948	HTC_Sense
111949	HTC_TyTN
111950	HTC_TyTN_II
111951	HTC_Vive
111952	HTC_Vive_Pro
111953	HTC_넥서스_원
111954	HTC_넥서스원
111955	HTC_드림
111956	HTC_디자이어
111957	HTC_디자이어_HD
111958	HTC_디자이어_Z
111960	HTC_레이더_4G
111961	HTC_레전드
111962	HTC_바이브
111963	HTC_바이브_프로
111964	HTC_버터플라이_S
111965	HTC_센세이션
111966	HTC_센세이션_XL
111967	HTC_센스
111968	HTC_와일드파이어
111969	HTC_원
111970	HTC_원_M8
111971	HTC_원_X
111972	HTC_원_XL
111973	HTC_원_X_+
111974	HTC_원_X_플러스
111975	HTC_원_맥스
111976	HTC_원_미니
111977	HTC_이보_4G_플러스
111978	HTC_인크레더블_S
111979	HTC_코퍼레이션
111980	HTC_퍼스트
111981	HTC_플라이어_4G
111982	HTC_픽셀
111983	HTC_픽셀_2
111984	HTC_픽셀_XL
111985	HTC_휴대_전화_목록
111986	HTC_휴대_전화_비교
111987	HTC_휴대폰_비교
111988	HTC디자이어
111989	HTC디자이어HD
111991	HTC레이더4G
111992	HTC레전드
111994	HTC버터플라이S
111995	HTC센세이션
111996	HTC센스
111997	HTC와일드파이어
111998	HTC원
111999	HTC원M8
112000	HTC원맥스
112001	HTC원미니
112002	HTC인크레더블S
112003	HTC퍼스트
112004	HTC플라이어4G
112005	HTC휴대전화목록
112006	HTDA
112007	HTE
112008	HTF
112010	HTL
112011	HTM
112012	HTML
112013	HTML+
112014	HTML2
112015	HTML3
112016	HTML4
112018	HTML5.1
112019	HTML5.2
112020	HTML5_동영상
112021	HTML5_비디오
112022	HTML5_오디오
112023	HTML5_캔버스
112024	HTML5비디오
112025	HTML_2
112026	HTML_3
112027	HTML_3.2
112028	HTML_4
112029	HTML_4.0
112030	HTML_4.01
112032	HTML_5.0
112034	HTML_5.2
112035	HTML_DIV
112036	HTML_DOM
112037	HTML_Tidy
112038	HTML_strict
112039	HTML_랜더링_엔진
112040	HTML_렌더링_엔진
112041	HTML_리스트
112042	HTML_링크
112044	HTML_명령어
112045	HTML_문법
112049	HTML_색상
112050	HTML_색상_차트
112052	HTML_앵커
112053	HTML_어트리뷰트
112054	HTML_에디터
112055	HTML_에디터_목록
112058	HTML_요소
112059	HTML_이메일
112060	HTML_주석
112061	HTML_주석_태그
112062	HTML_캔버스
112063	HTML_커맨드
112065	HTML_컬러_차트
112066	HTML_컬러_코드
112067	HTML_코드
112068	HTML_타이디
112070	HTML_테이블
112071	HTML_파일
112072	HTML_파일_언어
112074	HTML_편집기
112075	HTML_편집기_목록
112076	HTML_프레임
112077	HTML속성
112078	HTML엘리먼트
112080	HTML타이디
112081	HTML편집기
112082	HTML편집기목록
112084	HTMS_짜끄리_나르벳
112085	HTMS_차크리_나루에벳
112086	HTM_파일
112087	HTN
112088	HTO
112089	HTP
112091	HTP_검사
112092	HTP_검사법
112093	HTP_테스트
112094	HTR
112095	HTS
112097	HTTP
112098	HTTP/0.9
112100	HTTP/1.1
112101	HTTP/2
112102	HTTP/2.0
112103	HTTP/3
112105	HTTP://
112106	HTTPS
112107	HTTPS:/
112111	HTTPS_URL
112112	HTTPS_시큐어
112113	HTTPS_암호화
112114	HTTPS_에브리웨어
112115	HTTPS_연결
112116	HTTPS_웹
112117	HTTPS_웹사이트
112118	HTTP_0.9
112119	HTTP_1.0
112120	HTTP_1.1
112121	HTTP_100
112122	HTTP_101
112123	HTTP_102
112125	HTTP_200
112126	HTTP_201
112127	HTTP_202
112130	HTTP_205
112133	HTTP_300
112134	HTTP_301
112137	HTTP_304
112138	HTTP_305
112139	HTTP_306
112140	HTTP_307
112141	HTTP_400
112142	HTTP_401
112143	HTTP_403
112146	HTTP_406
112147	HTTP_407
112148	HTTP_408
112149	HTTP_409
112150	HTTP_410
112151	HTTP_411
112152	HTTP_412
112153	HTTP_451
112155	HTTP_CONNECT
112156	HTTP_CONNECT_요청
112157	HTTP_Cookie
112158	HTTP_DELETE
112159	HTTP_DELETE_요청
112160	HTTP_ETag
112161	HTTP_File_Server
112164	HTTP_HEAD
112165	HTTP_HEAD_요청
112167	HTTP_OPTIONS_요청
112168	HTTP_POST
112169	HTTP_PUT
112170	HTTP_PUT_요청
112171	HTTP_SSL
112173	HTTP_Strict_Transport_Security
112174	HTTP_TLS
112175	HTTP_TRACE
112176	HTTP_TRACE_요청
112179	HTTP_request
112180	HTTP_secure
112181	HTTP_다이제스트_인증
112182	HTTP_데몬
112184	HTTP_라이브_스트리밍
112185	HTTP_리퍼러
112186	HTTP_메소드
112188	HTTP_베이직
112189	HTTP_상태_코드
112190	HTTP_상태_코드_목록
112191	HTTP_서버
112192	HTTP_스트릭트_트랜스포트_시큐리티
112194	HTTP_압축
112196	HTTP_요청
112198	HTTP_지속적_연결_상태
112199	HTTP_캐쉬
112203	HTTP_킵얼라이브
112207	HTTP리퍼러
112209	HTTP쿠키
112213	HTT_플레토르
112294	HYTC
112296	HY_(밴드)
112297	HZ
112298	H^
112299	H_(2002년_영화)
112302	H_(하마사키_아유미의_EP)
112303	H_I
112304	H_II
112305	H_II_영역
112306	H_I_영역
112307	H_V_에바트
112308	H_album_-H・A・N・D-
112309	H_to_He,_Who_Am_the_Only_One
112311	H_구립운석
112312	H_마트
112313	H_바이크
112314	H_반사
112315	H_사일런트_랩
112316	H_사일런트_홈_시스템
112317	H_산개_성단
112318	H_스테이션
112319	H_지수
112321	Ha
112322	Ha!-Ha!-Ha!
112323	Ha*Ash
112324	Ha*Ash:_En_Vivo
112325	Ha-115
112326	HaDivadlo
112327	HaShtag
112328	Haagan_Daz
112329	Haagen-Daaz
112332	Haagen-daz
112333	Haagen-dazs
112334	Haagen_Daas
112335	Haagen_Daaz
112337	Haagen_Daz
112338	Haagen_Dazs
112340	Haagendazs
112342	Haaretz
112343	Haas
112344	HabEx
112346	Habbo
112347	Habbo_Hotel
112348	Habib_Bank_Limited
112349	Habit
112351	Habítame_Siempre
112352	Hac
112353	Hachimitsu_Rocket
112354	Hack
112355	HackShield_Pro
112356	Hacker
112357	HackerRank
112358	HackersLab
112359	HackingTeam
112360	Hackney_Diamonds
112361	Hada_Labo
112363	Hades_(video_game)
112364	Hades_(싱글)
112365	Hadiah_Daripada_Hati
112366	Hadley
112371	Haeagen-dazs
112372	Haeagen_Dazs
112374	Haemophilus_influenzae
112375	Hafei
112376	Hafner-Sarnak-McCurley_constant
112378	Hagen-Dazs
112380	Haggard
112383	Hai_Phút_Hơn
112385	Haidilao
112387	Haifa
112388	Haiku
112389	Hail_Grenada
112390	Hail_Mary
112391	Hail_to_England
112392	Hail_to_the_Chief
112393	Hail_to_the_King
112394	Hail_to_the_King_(노래)
112398	Haim
112399	Hair
112400	Hair_(레이디_가가의_노래)
112401	Hair_Zone_Mall_Tour
112402	Hair_of_the_Dog
112403	Hair_spray
112405	Haiz
112406	Hako
112408	Haksal
112409	Haksan_Publishing
112410	Hakuhodo
112411	Hakuna_Matata
112413	Hal
112415	Halber_Mensch
112417	Halcyon_Days
112418	Halestorm
112419	Halestorm_(음반)
112420	Half-Breed
112422	Half-Life:_Alyx
112423	Half-Life:_Blue_Shift
112424	Half-Life:_Decay
112425	Half-Life:_Opposing_Force
112427	Half-Life_2
112428	Half-Life_2:_Deathmatch
112429	Half-Life_2:_Episode_One
112431	Half-Life_2:_Lost_Coast
112432	Half_Album_RED_ICKLE
112433	Half_Hour_of_Power
112435	Half_Moon
112436	Halfaxa
112437	Halflife
112438	Halflife_(EP)
112439	Halfmoon
112440	Halftime
112441	Halftime_(음반)
112443	Halfway_Gone
112444	Halfway_to_Sanity
112446	Hall_&_Oates
112448	Halla_Group
112450	Hallelujah_(레너드_코언의_노래)
112451	Hallelujah_(파라모어의_노래)
112452	Hallowed_Be_Thy_Name
112453	Halloween
112454	Halloween_(프랭크_자파의_음반)
112455	Halls
112456	Hallucination
112458	Halo
112460	Halo:_Combat_Evolved_Anniversary
112463	Halo:_The_Master_Chief_Collection
112467	Halo_3
112469	Halo_4
112470	Halo_5:_Guardians
112594	Happily_Ever_After_(EP)
112595	Happiness
112596	Happiness..._Is_Not_a_Fish_That_You_Can_Catch
112597	Happiness_(아라시의_노래)
112598	Happiness_(음악_그룹)
112600	Happiness_Begins
112602	Happiness_in_Magazines
112603	Happy
112604	Happy_(롤링_스톤스의_노래)
112605	Happy_(패럴_윌리엄스의_노래)
112606	Happy_And
112607	Happy_Around!
112608	Happy_Birthday
112609	Happy_Birthday_(NEWS의_노래)
112610	Happy_Birthday_(니시노_카나의_노래)
112611	Happy_Birthday_(이상은_1집)
112612	Happy_Birthday_(쿄코의_노래)
112613	Happy_Birthday_To_You
112614	Happy_Birthday_to_You
112615	Happy_Christmas
112616	Happy_Days
112617	Happy_Days_(B1A4의_노래)
112618	Happy_End
112619	Happy_Ending
112620	Happy_Farm
112621	Happy_Hour
112623	Happy_Just_to_Be_Like_I_Am
112624	Happy_Little_Pill
112625	Happy_Material
112626	Happy_Nation
112627	Happy_New_Year
112628	Happy_People/U_Saved_Me
112629	Happy_Pledis_1st_Album
112630	Happy_Pledis_2012_'Love_Letter'
112631	Happy_Pledis_2nd_Album
112632	Happy_Sad
112633	Happy_Science
112634	Happy_Smile
112635	Happy_Smile!
112636	Happy_Song
112637	Happy_Song_(브링_미_더_호라이즌의_노래)
112638	Happy_Songs_for_Happy_People
112639	Happy_Sugar_Life
112640	Happy_Together
112642	Happy_Together_(터틀스의_노래)
112643	Happy_Tree_Friends
112644	Happy_Valley
112645	Happy_Wheels
112646	Happy_Xmas
112647	Happy_Xmas_(War_Is_Over)
112648	Happy_Xmas_(음반)
112649	Happy_ending
112650	Haptic
112651	Haptic_2
112652	Haptic_AMOLED
112653	Haptic_Beam
112654	Haptic_Chak
112655	Haptic_II
112656	Haptic_On
112657	Haptic_Pop
112658	Harakiri
112659	Harbin_Brewery
112660	Harbinger
112661	Harbour_of_Tears
112662	Hard
112663	HardBall_III
112664	Hard_(지오메트리_대시)
112665	Hard_Again
112666	Hard_Bargain
112667	Hard_Candy
112668	Hard_Core
112669	Hard_Core_(릴_킴의_음반)
112670	Hard_Headed_Woman
112671	Hard_Nose_the_Highway
112672	Hard_Promises
112673	Hard_Rain
112674	Hard_Rain_(밥_딜런의_음반)
112675	Hard_Rock_Sofa
112676	Hard_to_Earn
112677	Hard_to_Explain
112678	Hard_to_love,_How_to_love
112679	Hardbass
112680	Hardboiled
112681	Hardcore
112682	Hardcore_Will_Never_Die,_but_You_Will
112683	Hardee's
112684	Harder,_Better,_Faster,_Stronger
112685	Harder_To_Breathe
112686	Harder_to_Breath
112687	Harder_to_Breathe
112688	Hardware
112689	Hardware_(음반)
112690	Hardwired...to_Self-Destruct
112691	Hareca
112692	Haribo
112693	Harisu
112694	Hark!_The_Herald_Angels_Sing
112695	Harland_&_Wolff
112696	Harlem_Shake
112697	Harlem_shake
112698	Harlequin_Enterprises
112699	Harley-Davidson
112700	Harlow_Shapley
112701	Harman_/_kardon
112702	Harman_International
112703	Harman_International_Industries
112704	Harman_Kardon
112705	Harmoe
112706	Harmonia
112707	Harmonia_(비디오_게임)
112708	Harmonia_Mundi
112709	Harmonica
112710	Harmonika
112711	Harmony
112712	HarmonyOS
112713	Harmony_(EP)
112714	Harmony_Corruption
112715	Harold_Halibut
112716	Harper
112717	Harper's_Bazaar
112718	HarperCollins
112719	Harper_Collins
112720	Harris
112721	Harry's_House
112722	HarryBigButton
112723	Harry_Nilsson
112724	Harry_Potter
112725	Harry_Potter:_Magic_Awakened
112726	Harry_Potter:_Quidditch_World_Cup
112727	Harry_Potter:_Wizards_Unite
112728	Harry_Styles
112729	Harry_Styles_(음반)
112730	Haru
112731	Haruchika
112732	Haruka_Nogizaka's_Secret
112733	Harukaze
112734	Harum_Scarum
112735	Harvard
112736	Harvard_Graphics
112737	Harvard_Mark_I
112738	Harvard_University
112739	Harvard_University_Press
112740	Harverd_Dropout
112741	Harvest
112742	Harvest:_Massive_Encounter
112743	Harvest_(TOKIO)
112744	Harvest_(TOKIO의_음반)
112745	Harvest_(닐_영의_음반)
112746	Harvest_Moon
112747	Harvest_Moon:_Animal_Parade
112748	Harvest_Moon:_Friends_of_Mineral_Town
112749	Harvest_Moon:_Save_the_Homeland
112750	Harvest_Moon_(음반)
112751	Harvest_Moon_64
112752	Harvest_Moon_DS
112753	Harvest_Records
112754	Harvester
112755	Has
112756	Hasbro
112758	HashTag
112759	Haskell
112760	Hassan_Malik
112764	Hastings
112765	Haswell-EP
112767	Hat-trick
112768	Hat_trick
112769	Hatari
112771	Hatching_Mayflies_(the_HIATUS의_곡)
112772	Hatching_Mayflies_(더_하이에이터스의_곡)
112773	Hatching_Mayflies_(더_하이에이터스의_노래)
112774	Hate_Crew_Deathroll
112775	Hate_Eternal
112776	Hate_Everything
112777	Hate_Me
112778	Hate_Plus
112779	Hate_Them
112780	Hate_You
112783	Hatebreed
112784	Hatebreeder
112786	Hathaway
112788	Hatsune_Miku
112789	Hatsune_Miku:_Colorful_Stage!
112790	Hatsune_Miku:_Project_DIVA
112791	Hatsune_Miku_and_Future_Stars:_Project_Mirai
112792	Hattrick
112793	Haunt
112794	Haunted
112795	Haunted_(식스_피트_언더의_음반)
112796	Haunted_Castle
112797	Haunted_House
112798	Haunted_House_(EP)
112799	Haunted_house
112800	Haunting_Ground
112801	Haunting_the_Chapel
112802	Haus_der_Lüge
112803	Havana
112804	Havana_Moon
112805	Have_Guitar_Will_Travel
112806	Have_I_Offended_Someone
112807	Have_I_Offended_Someone?
112808	Have_It_All
112809	Have_It_All_(A._J._매클레인의_음반)
112810	Have_U_Seen_Her
112811	Have_U_Seen_Her?
112812	Have_You_Ever
112813	Have_You_Ever?
112814	Have_a_Nice_Day
112816	Have_a_Nice_Day_(본_조비의_음반)
112817	Haven
112819	Haven_(카멜롯의_음반)
112820	Having_Fun_with_Elvis_on_Stage
112821	Having_a_Rave_Up
112823	Havoc
112824	Havoc_and_Bright_Lights
112827	Hawaii_Calls
112828	Hawk
112830	Hawk_Nelson_Is_My_Friend
112831	Hawke
112832	Hawkeye
112833	Hawks_&_Doves
112834	Hawkwind
112835	Hawkwind_(음반)
112836	Hawthorne_Heights
112839	Hay
112842	Hayate_the_combat_butler
112844	Hayfield
112845	Hayko_Cepkin
112846	Haystack
112848	Hayya_Hayya_(Better_Together)
112849	Hazardous_Mutation
112850	Hazel_Nuts_Chocolate
112851	Hazelcast
112852	Haägen-Dazs
112853	Hb
112854	Hba
112856	Hbk
112857	Hbl
112858	Hbm
112859	Hbn
112861	Hbp
112862	Hbs
112866	Hcb
112869	Hcf
112871	Hci
112873	Hcm
112874	Hcn
112875	Hct
112876	Hcu
112877	Hcv
112878	Hd
112879	Hd-dvd-r
112880	Hd_dvd
112881	Hda
112882	Hda1
112884	Hda3
112885	Hda4
112887	Hdb
112888	Hdc
112889	Hdd
112891	Hdf
112893	Hdi
112895	Hdl_(식별자)
112896	Hdm
112897	Hdmi
112898	Hdp
112899	Hdparm
112900	Hdr
112902	Hdtv
112903	Hdv
112904	Hdw
112905	Hdwwiz.cpl
112906	Hdx
112909	He's_the_DJ,_I'm_the_Rapper
112910	He'story
112911	He-100
112913	He-2
112914	He-280
112916	He-4
112917	He100
112918	HeMeets_(히미츠)
112919	He_100
112921	He_178
112922	He_280
112923	He_51
112924	He_Is
112927	Head
112930	Head_(유닉스)
112932	Head_Carrier
112933	Head_First
112935	Head_First_(유라이어_힙의_음반)
112938	Head_Like_a_Hole
112940	Head_on_the_Door
112941	Head_or_Heart
112943	Head_over_Heels_(콕트_트윈스의_음반)
112944	Head_over_Heels_(폴라_압둘의_음반)
112945	Head_to_the_Sky
112946	Headbanger
112948	Headfirst_for_Halos
112949	Headhunter
112950	Heading_for_Tomorrow
112954	Headlight
113029	Heartbreaker_(지드래곤의_노래)
113031	Hearthstone
113032	Heartland
113034	Heartless
113035	Hearts2Hearts
113037	Hearts_and_Bones
113038	Hearts_of_Iron
113039	Hearts_of_Iron_II
113040	Hearts_of_Iron_III
113041	Hearts_of_Iron_IV
113042	Hearts_of_Iron_IV:_Arms_Against_Tyranny
113044	Hearts_of_Iron_IV:_No_Step_Back
113045	Hearts_of_Iron_IV:_Waking_the_Tiger
113046	Hearts_of_Stone
113047	Hearts_on_Fire
113048	Heartthrob
113049	Heartwork
113050	Heat
113051	Heat_Waves
113052	Heat_of_the_Moment
113053	Heath_Brothers
113054	Heathen
113055	Heathen_Chemistry
113056	Heathens
113057	Heathrow_Airport_Holdings
113058	Heatstroke
113059	Heaven
113060	Heaven'z_Movie
113061	Heaven_&_Earth
113062	Heaven_&_Hell
113063	Heaven_&_Hell_(에이바_맥스의_음반)
113066	Heaven_(에일리의_노래)
113067	Heaven_(이나의_노래)
113068	Heaven_Beside_You
113069	Heaven_Burns_Red
113070	Heaven_Shall_Burn..._When_We_Are_Gathered
113071	Heaven_Upside_Down
113072	Heaven_and_Hell
113073	Heaven_and_Hell_(반젤리스의_음반)
113074	Heaven_and_Hell_(블랙_사바스의_노래)
113075	Heaven_and_Hell_(블랙_사바스의_음반)
113076	Heaven_for_Everyone
113077	Heaven_or_Las_Vegas
113078	Heavenly
113079	Heavenly_Sword
113080	Heavier_Things
113082	Heavy_(린킨_파크의_노래)
113083	Heavy_(아이언_버터플라이의_음반)
113084	Heavy_(앤마리의_노래)
113085	Heavy_Barrel
113086	Heavy_Horses
113087	Heavy_Metal
113088	Heavy_Metal_Army
113089	Heavy_Metal_Breakdown
113090	Heavy_Metal_Sinawe
113091	Heavy_Metal_Thunder
113092	Heavy_Petting_Zoo
113093	Heavy_Rain
113097	Heavy_Rotation_(음반)
113098	Heavy_Weather
113099	Heavy_metal
113100	Hebrew-iso
113101	Hec
113102	Hecho_en_España
113103	Heckler_&_Koch
113105	Hedley
113106	Hedley_Digital
113107	HeeJin
113109	Heello
113111	Heenim
113112	Heewon_Entertainment
113113	Hef
113114	Heffron_Drive
113115	Heffy_End
113117	Hegel
113118	Hei
113119	HeidelbergCement
113120	Heidi
113121	HeidiSQL
113122	Heilige_Lieder
113123	Heineken
113125	Heinz
113126	Heisei_Chikuhō_Railway
113127	Heize
113128	Hej_Sokoły
113129	Hel
113130	Helck
113131	Helen
113132	Helena
113133	Helena_(마이_케미컬_로맨스의_노래)
113134	Helene
113135	Helheim
113137	Heligoland
113138	Helios
113139	Helium
113141	Hell
113142	Hell:_The_Sequel
113143	Hell_(베놈의_음반)
113144	Hell_Awaits
113145	Hell_Bent_for_Leather
113147	Hell_Freezes_Over
113149	Hell_Yeah
113150	Hell_and_Silence
113151	Hell_on_Earth
113153	Hellbilly_Deluxe
113154	Hellbilly_Deluxe:_13_Tales_of_Cadaverous_Cavorting_Inside_the_Spookshow_International
113155	Hellbilly_Deluxe_2
113156	Hellblade:_Senua's_Sacrifice
113157	Helles
113158	Hellevator
113159	Hellgate:_London
113160	Hello
113162	Hello!_(음반)
113164	Hello,_Again_(무카시카라_아루_바쇼)
113165	Hello,_Again_~옛날부터_있던_장소~
113166	Hello,_Dolly
113167	Hello,_Dolly!
113168	Hello,_Goodbye
113169	Hello,_I'm_Dolly
113170	Hello,_I_Must_Be_Going
113171	Hello,_I_Must_Be_Going!
113172	Hello,_World
113173	Hello,_World!
113174	Hello,_World!_프로그램
113175	Hello,_World_(EP)
113176	Hello,_world!
113177	Hello,_world!_프로그램
113179	Hello_(나비의_음반)
113181	Hello_(조용필의_음반)
113182	Hello_(조이의_EP)
113183	Hello_Bitches
113184	Hello_Bitches_Tour_2016
113185	Hello_Chapter_1:_Hello,_Stranger
113188	Hello_Games
113189	Hello_Heartbreak
113190	Hello_Katy_Tour
113191	Hello_Kitty
113192	Hello_Little_Girl
113193	Hello_Mr._my_yesterday
113194	Hello_Mr._my_yesterday_(애쉬그레이의_노래)
113199	Hello_Neighbor_2
113200	Hello_Operator
113201	Hello_Summer
113202	Hello_Venus
113204	Hello_World!
113205	Hello_World:_The_Motown_Solo_Collection
113206	Hello_World_프로그램
113208	Hello_world!
113209	Hello_world_program
113210	Hello_world_프로그램
113212	Helloween
113213	Helloween_(EP)
113214	Helloween_(음반)
113217	Helluva_Boss
113219	Help
113220	Help!
113222	Help_(명령어)
113223	Help_Is_Other_People
113224	Help_Me_to_Help_Myself
113225	Help_Us_Stranger
113226	Help_me!!
113229	Helter_Skelter
113230	Helvetios
113232	Hemiazygos_vein
113233	Hemispheres
113234	Hendrik_Lorentz
113235	Hendrix_in_the_West
113238	Henkäys_ikuisuudesta
113239	Hennessey_Performance_Engineering
113240	Hennessy
113241	Henry
113245	Henschel
113246	Henschel-SSW
113247	Henschel_&_Son
113248	Hep
113249	Hepatic_veins
113250	Hephzibah
113253	Her_Loss
113256	Herb
113258	Herbalife
113259	Herbalife_Nutrition
113260	Herballife
113261	Herbie_Hancock
113263	Hercules
113264	Hercules_HGC
113267	Hercules_RamFont
113269	Here
113271	Here's_No_Peace
113274	Here,_I_Stand_For_You_-_Couple_With_Arirang
113276	Here,_My_Dear
113277	Here,_There_and_Everywhere
113278	Here_(앨리샤_키스의_음반)
113279	Here_(천상지희_The_Grace의_노래)
113280	Here_(천상지희_더_그레이스의_노래)
113281	Here_(회사)
113282	Here_Come_the_Warm_Jets
113283	Here_Comes_the_Indian
113285	Here_I_Am
113288	Here_I_Am_(켈리_롤런드의_음반)
113292	Here_My_Dear
113295	Here_Today_(폴_매카트니의_노래)
113370	Hewlett_Packard_Enterprise
113371	Hex
113375	Hex_색
113377	Hex_컬러
113378	Hex_코드
113382	Hexed
113383	Hey
113384	Hey!_Ho!_Let's_Go:_The_Anthology
113385	Hey!_Pikmin
113386	Hey!_Say!_7
113387	Hey!_Say!_BEST
113388	Hey!_Say!_JUMP
113389	Hey!_모두_잘_지내?
113391	Hey!_민나겡키카이?
113392	Hey,_Come_On
113393	Hey,_Come_On!
113394	Hey,_Mamma
113395	Hey,_Mamma!
113396	Hey,_Man
113398	Hey_Baby
113399	Hey_Baby!
113400	Hey_Boy_Hey_Girl
113401	Hey_Brother
113403	Hey_Clockface
113404	Hey_Girl
113405	Hey_Hey_Light_Me_Up
113406	Hey_Ho_Let's_Go:_Greatest_Hits
113407	Hey_Jude
113408	Hey_Jude_(비틀즈의_음반)
113409	Hey_Mama
113410	Hey_Mama!
113411	Hey_Man
113412	Hey_Monday
113413	Hey_Mr._Big
113415	Hey_U_X
113417	Hey_You,_I_Love_Your_Soul
113420	Heytea
113421	Hf
113422	Hfa
113423	Hfc
113424	Hfe
113425	Hff
113426	Hfm
113427	Hfo
113428	Hfs
113430	HgO
113431	Hga
113433	Hgh
113434	Hh
113435	Hhg
113437	Hhi
113438	Hi
113439	Hi-C
113441	Hi-Def
113442	Hi-Fi
113443	Hi-Fi_News_&_Record_Review
113445	Hi-Fi_Un!corn
113446	Hi-Fi_뉴스_&_레코드_리뷰
113447	Hi-Five
113448	Hi-Five_(슈퍼플라이)
113449	Hi-Five_허일후입니다
113452	Hi-def_dvd
113453	Hi-fi
113454	Hi-oT
113456	Hi.ni
113457	Hi10P
113458	Hi5
113459	HiC
113460	HiDPI
113462	HiFly
113463	HiRes
113465	HiTEL
113466	Hi_Def
113467	Hi_Fly
113468	Hi_G1
113469	Hi_GTB
113470	Hi_Hi_Puffy_AmiYumi
113471	Hi_Infidelity
113472	Hi_Scores
113474	Hi_def
113475	Hia
113476	Hiatus_Kaiyote
113478	Hib_백신
113479	Hibernate
113480	Hickey씨치
113481	Hickok
113482	Hid
113485	Hidden_Agenda
113486	Hidden_Path_Entertainment
113487	Hidden_Sequence
113488	Hidden_Star_in_Four_Seasons
113491	Hide
113492	Hide-away
113493	HideMyAss!
113494	Hide_&_Seek
113495	Hide_&_Seek_/_Something
113496	Hide_My_Ass
113497	Hide_My_Ass!
113498	Hide_Your_Heart
113499	Hide_and_Seek
113500	Hide_from_the_Sun
113501	Hide_on_bush
113502	Hide_with_Spread_Beaver
113503	Hier_sind_die_Onkelz
113505	Hif
113507	Higer_Bus
113508	High
113509	High!!_High!!_People
113510	High-King
113511	High-Speed_Uplink_Packet_Access
113513	High-logic
113514	High_&_Dry
113515	High_'n'_Dry
113516	High_Civilization
113517	High_Dynamic_Range
113518	High_Expectations
113520	High_Five
113521	High_Five_(나카야마_유마의_노래)
113522	High_Heels
113523	High_Hopes
113524	High_Hopes_(코달라인의_노래)
113525	High_Impact_Games
113526	High_King
113527	High_Level_Shader_Language
113528	High_Live
113529	High_Maintenance
113531	High_Point
113532	High_Precision_Event_Timer
113536	High_Skool
113537	High_Society
113538	High_Society_(노래)
113539	High_Speed_Packet_Access
113541	High_Stakes_&_Dangerous_Men
113544	High_Violet
113545	High_Voltage
113546	High_Voltage_(1975년_음반)
113547	High_Voltage_(1976년_음반)
113548	High_and_Dry
113549	High_and_Mighty
113550	High_as_Hope
113551	High_life
113552	High_on_Fire
113553	High_school
113554	High_skool
113555	High_voltage
113556	Higher
113557	Higher_(2PM의_노래)
113558	Higher_(에일리의_노래)
113559	Higher_(클린_밴딧의_노래)
113560	Higher_Ground
113561	Higher_Ground_(라스무센의_노래)
113562	Higher_Ground_(바브라_스트라이샌드의_음반)
113563	Higher_Power
113564	Highest_Hopes:_The_Best_of_Nightwish
113565	Highest_intercostal_vein
113566	Highking
113567	Highland
113568	Highlander
113569	Highlands
113571	Highlight_(음반)
113572	Highlights_from_Porgy_and_Bess
113573	Highly_Responsive_to_Prayers
113574	Highly_Strung
113575	Highway
113577	Highway_61_Revisited
113578	Highway_Companion
113579	Highway_Star
113581	Highway_to_Hell
113582	Highway_to_Hell_(노래)
113584	Hij
113586	Hikakin
113587	Hikari
113588	Hikaru
113589	Hikaru_Genji
113590	Hikvision
113591	Hilary_Duff
113592	Hilda
113593	Hildafolk
113594	Hilife
113596	Hill_Climb_Racing
113597	Hillbilly_Shoes
113599	Hillman
113601	Hillsong
113603	Hilltop_Hoods
113608	Himalaya
113610	Hinano
113611	Hinapia
113612	Hinatazaka46
113613	Hind
113614	Hinder
113615	Hinds
113618	Hint
113619	Hints_Allegations_and_Things_Left_Unsaid
113620	Hip
113621	Hip-hop
113622	Hip_Hop_Is_Dead
113624	Hip_joint
113625	HiphopLE
113627	Hiphopplaya
113628	Hipp
113629	Hippity_Hop
113630	Hips_Don't_Lie
113632	Hira
113634	Hirakawachi_Itchōme
113636	Hiroshima
113638	Hiroshima_Home_Television
113641	His
113643	His_Ballad
113644	His_Ballad_II
113645	His_Band_and_the_Street_Choir
113651	Hisatsu_Orange_Railway
113652	Hisense
113654	Histoire_de_Melody_Nelson
113655	Historic_Dead
113656	Historic_England
113657	Historic_Performances_Recorded_at_the_Monterey_International_Pop_Festival
113660	History_HD
113661	History_of_the_Grateful_Dead,_Volume_One
113662	Historyja_majho_žyccia
113663	Hit
113668	Hit_U
113715	Hku
113720	Hliðskjálf
113721	Hlm
113722	Hln
113723	Hls
113724	Hlt
113725	Hly
113727	Hma
113733	Hmm
113735	Hmr
113737	Hmv
113738	Hmx
113739	Hm³
113740	Hn
113741	Hna
113743	Hnc
113746	Hnl
113747	Hno
113748	Hnp
113750	Ho!
113752	Ho,_Why_Is_You_Here?
113753	HoYoverse
113755	Hobart
113756	HoboSapiens
113757	Hoc
113758	Hocus_Pocus
113761	Hodl
113762	Hodori
113763	Hoehn_and_Yahr_scale
113764	Hof
113766	Hogwarts_Legacy
113768	Hok
113769	Hokkaido_Bank
113771	Hokkaido_Railway_Company
113772	Hokkien
113776	Hola_Hola
113777	Hola_Hola_(카드의_노래)
113778	Holcim
113782	Hold_It_Against_Me
113784	Hold_It_In
113785	Hold_Me,_Thrill_Me,_Kiss_Me
113786	Hold_Me,_Thrill_Me,_Kiss_Me,_Kill_Me
113787	Hold_Me_Tight
113788	Hold_Me_Up
113789	Hold_My_Hand
113791	Hold_My_Hand_(제스_글린의_노래)
113793	Hold_On,_We're_Going_Home
113794	Hold_On_'til_the_Night
113795	Hold_On_(존_레논의_노래)
113796	Hold_On_Tight
113797	Hold_Up
113800	Hold_Your_Fire
113803	Holden_Limited
113804	Holden_Motors
113805	Holding_My_Own
113806	Holding_Onto_Gravity
113807	Holding_Onto_Strings_Better_Left_to_Fray
113810	Holding_onto_Gravity
113811	Hole
113813	Holiday
113814	Holiday_(그린_데이의_노래)
113815	Holiday_(비지스의_노래)
113816	Holiday_Destination
113817	Holiday_Night
113818	Holidays_in_Eden
113820	Hollaback_Girl
113821	Holland
113823	Holland_America_Line
113824	Holland_Car
113825	Holler
113826	Holler_(EP)
113827	Hollies
113829	Hollow_Knight:_Silksong
113830	Hollow_knight
113831	Holly's_Coffee
113832	Holly_Springs
113833	Hollywood
113834	Hollywood's_Bleeding
113835	Hollywood.com
113836	Hollywood_(코요태의_노래)
113837	Hollywood_Pictures
113838	Hollywood_Records
113839	Hollywood_Tonight
113840	Hollywood_Undead
113841	Hollywood_Vampires
113842	Hollywood_Whore
113844	Holm_2A
113845	Holm_2a
113846	Holocaust
113847	Hololive_Production
113848	Holt
113850	Holy_Diver
113851	Holy_Diver_–_Live
113852	Holy_Fire
113853	Holy_Grail
113854	Holy_Grail_(음반)
113855	Holy_Grail_(제이Z의_노래)
113856	Holy_Land
113857	Holy_Land_(음반)
113858	Holy_Smoke
113859	Holy_Smoke_(노래)
113860	Holy_Wars..._The_Punishment_Due
113861	Holy_Water
113862	Holy_Wood
113863	Holy_Wood_(In_the_Shadow_of_the_Valley_of_Death)
113864	Holywood
113865	Hom
113867	Home
113868	Home,_Boys,_Home
113869	Home,_Chapter_1
113870	HomeKit
113871	HomePlug
113873	HomePod_Mini
113876	Home_(N.EX.T의_음반)
113878	Home_(더크스_벤틀리의_노래)
113879	Home_(딕시_칙스의_음반)
113880	Home_(사운드트랙)
113881	Home_(스리_데이스_그레이스의_노래)
113882	Home_(코어즈의_음반)
113883	Home_(프로콜_하럼의_음반)
113885	Home_CGV
113886	Home_Depot
113887	Home_for_Christmas
113888	Home_for_Christmas_(엔싱크의_음반)
113889	Home_for_Christmas_(켈틱_우먼의_음반)
113891	Homeboy
113893	Homecoming
113894	Homecoming:_The_Live_Album
113895	Homedir
113896	Homefront:_The_Revolution
113897	Homegrown
113900	Homemade_Cookies_&_99_Crom_Live
113903	Homer
113910	Homework_(다프트_펑크의_음반)
113913	Home키
113919	Homogenic
113922	Honda_Element
113941	Honeydew
113943	Honeymoon_(라나_델_레이의_음반)
113945	Honeywell
113946	Honey♥Come!!
113949	Hong_Kong
113950	Hong_Kong_Stock_Exchange
113952	Honkai
113953	Honkai:_Star_Rail
113954	Honkai_Impact_3rd
113956	Honkin_on_Bobo
113957	Honky
113958	Honky_Cat
113959	Honky_Château
113960	Honky_Tonk_Heroes
113961	Honky_Tonk_Time_Machine
113962	Honky_Tonk_Women
113963	Honkytonkville
113964	Honolulu
113965	Honor
113966	Honor_System
113968	Honor_of_Kings
113969	Honorcode
113971	Honshu-Shikoku_Bridge_Expressway_Company
113972	Hoobastank
113973	Hoobastank_(음반)
113974	Hood_Billionaire
113975	Hood_River
113977	Hoodoo
113979	Hoodstar
113980	Hook_Me_Up
113981	Hooked_On_Classics_(Part_3)
113984	Hooked_on_a_Feeling
113986	Hooligan
113987	Hooligans
113988	Hooligans_(음반)
113990	HoooW
113993	Hoot
113995	Hootsuite
113996	Hop
113997	Hop!_Step!_댄스↑↑
113998	Hop_Along
114000	Hope
114002	Hope_World
114003	Hope_for_Haiti_Now
114004	Hopeless_Fountain_Kingdom
114005	Hopeless_Masquerade
114006	Hopeless_Records
114007	Hopeless_Romantic
114008	Hopes_and_Fears
114009	Hopf–Rinow_정리
114011	Hoppipolla
114012	Hoppípolla
114013	Hopscotch
114014	Horace_Silver_and_the_Jazz_Messengers
114015	Hordanes_Land
114016	Hordes_of_Chaos
114017	Horehound
114018	Horehronie
114019	Hori
114020	Hori7on
114021	Horipro
114022	Horizon
114024	Horizon_Forbidden_West
114025	Horizon_Zero_Dawn
114026	Horizontal
114029	Hormoaning
114030	Hormone
114031	Horn
114032	Horn_of_Plenty
114033	Horofunction
114034	Horror_Show
114035	Horrorscope
114036	Horrorscope_(오버킬의_음반)
114037	Horse
114038	Horses
114039	Hortensia_Saga
114040	Hos
114041	Hosanna
114042	Hose
114043	Hosono_House
114044	Hospital
114045	Host
114046	Host_(유닉스)
114047	Host_(패러다이스_로스트의_음반)
114048	Hostage
114050	Hostile_Ambient_Takeover
114051	Hostname
114052	Hosts
114053	Hosts_파일
114054	Hostway
114055	Hot
114056	Hot3_Big10
114057	Hot6ix
114058	HotBot
114059	HotS
114060	HotSpot
114061	Hot_(EP)
114062	Hot_(멜러니_브라운의_음반)
114063	Hot_(에이브릴_라빈의_노래)
114065	Hot_(태양의_음반)
114066	Hot_Buttered_Soul
114067	Hot_Cakes
114068	Hot_Chelle_Rae
114069	Hot_Chip
114070	Hot_Clip
114071	Hot_Country_Songs
114072	Hot_Eyes
114073	Hot_Fuss
114074	Hot_Hot_Hot/미러스
114075	Hot_Hot_Hot_/_Mirrors
114076	Hot_Issue
114077	Hot_Issue_(EP)
114078	Hot_Issue_(노래)
114079	Hot_Mess
114080	Hot_N_Cold
114081	Hot_Pink
114082	Hot_Pink_(음반)
114083	Hot_Rats
114085	Hot_Rocks
114088	Hot_Shot
114089	Hot_Shot_(브라운_아이드_걸스의_노래)
114090	Hot_Space
114091	Hot_Spot
114093	Hot_Stuff
114094	Hot_Summer
114095	Hot_Summer_(f(x)의_음반)
114097	Hot_Summer_Nights
114098	Hot_Toys
114099	Hot_in_Herre
114100	Hot_in_the_Shade
114101	Hot_n_Cold
114102	Hot_pursuit
114103	Hot_stamping
114106	Hot_to_the_Touch
114107	Hotaru_no_Nikki
114108	Hotclip
114110	Hotel_(모비의_음반)
114111	Hotel_California
114112	Hotel_California_(노래)
114113	Hotel_California_(음반)
114114	Hotel_Diablo
114115	Hotel_Dusk:_Room_215
114116	Hotel_Mario
114117	Hotel_Nacional
114118	Hotel_Paper
114119	Hotel_Shilla
114120	Hotel_Sowls
114121	Hotels.com
114122	HotelsCombined
114124	Hotline_Bling
114125	Hotline_Miami
114126	Hotmail
114127	Hotshot
114129	Hotspot_(음반)
114130	Hotspot_Shield
114133	Hotter_Than_Hell
114134	Hotter_than_Hell
114135	Hotter_than_July
114136	Hottest_Time_of_the_Day
114137	Hottest_time_of_the_day
114138	Hou
114139	Houbunsha
114140	Houdini
114141	Houdini_(두아_리파의_노래)
114142	Houdini_(음반)
114143	Hound_Dog
114145	Hound_dog
114146	Hounds_of_Love
114148	Hours
114149	House
114152	House_of_God
114153	House_of_Gold
114154	Housekeeper
114156	Houston_Aeros
114157	Hove
114158	Hover
114160	Hover_car
114166	HowStuffWorks
114167	HowToBasic
114168	How_-_만들어_볼까요
114170	How_Are_You,_The_Love_of_My_Life
114171	How_Are_You_Today
114172	How_Bad_Do_U_Want_It
114173	How_Bad_Do_U_Want_It?
114174	How_Beautiful_You_Are
114175	How_Big,_How_Blue,_How_Beautiful
114181	How_Dare_You
114492	Hybe
114496	Hybrid_automatic_repeat_request
114505	Hydra_(위딘_템테이션의_음반)
114506	Hydra_(토토의_음반)
114507	Hydro-Québec
114508	Hydrogen
114509	Hydrogen_Wave
114510	Hydrostatics
114511	Hydroxypropyl_methylcellulose
114512	Hyena
114513	Hyeongseop_X_Euiwoong
114514	Hygon_Dhyana
114515	Hyip
114516	Hylochoerus
114517	Hylochoerus_meinertzhageni
114518	Hymn
114519	Hymn_for_the_Weekend
114520	Hymn_of_the_Seventh_Galaxy
114521	Hymns_by_Johnny_Cash
114522	Hymns_from_the_Heart
114523	Hynix
114524	Hynn
114525	Hyoglossus
114526	Hyosung
114527	Hype
114528	Hype_Boy
114529	Hype_Boy_(NewJeans_노래)
114530	Hype_boy
114531	Hyper
114532	Hyper-A
114533	Hyper-V
114534	Hyper-V_Server
114535	HyperACCESS
114536	HyperMemory
114537	HyperScan
114538	HyperTerminal
114539	HyperX
114540	HyperZ
114541	Hyper_Light_Drifter
114542	Hyper_Music/Feeling_Good
114543	Hyper_Scape
114544	Hyper_Sports
114545	Hyper_Street_Fighter_II
114546	Hypera_Pharma
114547	Hyperborea
114548	Hyperdevotion_Noire:_Goddess_Black_Heart
114549	Hyperdimension_Neptune_VII
114550	Hyperdimension_Neptunia
114551	Hyperdimension_Neptunia_VII
114552	Hyperdimension_Neptunia_V_II
114553	Hyperdimension_Neptunia_Victory_II
114554	Hyperion
114555	Hyperledger
114556	Hypermedia
114557	Hypersonic
114558	Hypersonic_2
114559	Hyperspace
114560	Hyperspace_(음반)
114561	Hypertext_Markup_Language
114562	Hypertext_Transfer_Protocol
114563	Hyper→Highspeed→Genius
114564	Hyphen_Hyphen
114565	Hypixel
114566	Hypnosis_Mic:_Division_Rap_Battle
114567	Hypnotic_Eye
114568	Hypnotica
114569	Hypnotised
114570	Hypnotize
114571	Hypnotize_(시스템_오브_어_다운의_노래)
114572	Hypnotize_(음반)
114573	Hypoglossal_canal
114574	Hypoglossal_nerve
114575	Hypothenar_eminence
114576	Hypothesis
114577	Hypromellose
114578	Hyrule_Warriors
114580	Hysteria
114581	Hysteria_(음반)
114582	Hysteric_Blue
114583	Hysteric_panic
114584	Hyukoh
114585	Hyundai
114586	Hyundai_Asan
114587	Hyundai_AutoEver
114588	Hyundai_Capital
114589	Hyundai_Card
114590	Hyundai_Commission
114591	Hyundai_Department_Store
114592	Hyundai_Department_Store_Group
114594	Hyundai_Fomex
114595	Hyundai_Glovis
114597	Hyundai_Heavy_Industries
114599	Hyundai_Hotel_Delivery_Droid
114600	Hyundai_Hysco
114603	Hyundai_Mobis
114604	Hyundai_Motor_Brasil
114605	Hyundai_Motor_Company
114606	Hyundai_Motor_Group
114607	Hyundai_Motor_Group_Metaplant_America
114608	Hyundai_Motor_India
114609	Hyundai_Motor_India_Limited
114610	Hyundai_Motor_Manufacturing_Alabama
114611	Hyundai_Motor_Manufacturing_Czech
114612	Hyundai_Motor_Manufacturing_Indonesia
114613	Hyundai_Oilbank
114614	Hyundai_Porest
114615	Hyundai_Rotem
114616	Hyundai_Samho_Heavy_Industries
114617	Hyundai_Steel
114618	Hyundai_Wia
114620	Hyæna
114621	Hz
114623	Häagen-Dazs
114624	Häagen-dazs
114625	Häagen_Dasz
114626	Häagen_Dazs
114627	Hír_TV
114628	Höfner_500/1
114629	Hüsker_Dü
114630	Hōyoku
114631	HŠK_즈리니스키
114632	HŠK_즈리니스키_모스타르
114633	HŠK_즈린스키
114634	HŠK_즈린스키_모스타르
114635	HŠK즈린스키모스타르
114636	HΛL
114637	Hồ_Chí_Minh
114638	H₂
114639	H∞제어이론
114640	H△ON
114641	H급_구축함
114642	H급_전함
114643	H급전함
114644	H대
114645	H리그
114646	H마트
114647	H반
114648	H반사
114649	H베이스
114650	H솔루션
114651	H타워
114653	I"s
114654	I'LL-IT
114655	I'LL_KILL_YOU
114656	I'M
114657	I'M_GOOD
114658	I'PARK
114659	I'd_Do_Anything_for_Love
114661	I'd_Rather_Believe_in_You
114663	I'll_Be_Back
114664	I'll_Be_Lovin'_U_Long_Time
114665	I'll_Be_There
114666	I'll_Be_There_(스피카의_노래)
114667	I'll_Be_There_(잭슨_5의_노래)
114668	I'll_Be_There_for_You
114669	I'll_Be_Waiting
114670	I'll_Cry_Instead
114671	I'll_Get_You
114672	I'll_Go_Crazy_If_I_Don't_Go_Crazy_Tonight
114674	I'll_Never_Get_Out_of_This_World_Alive
114675	I'll_Play_The_Blues_For_You
114677	I'll_Stand_by_You
114679	I'll_be_back
114681	I'll_be_there
114686	I'm_Enterprise
114687	I'm_Feeling_Lucky
114689	I'm_Free
114692	I'm_Gonna_Be_A_Star
114693	I'm_Gonna_Be_Alright
114694	I'm_Gwine_ober_de_Mountain
114695	I'm_Happy_Just_to_Dance_with_You
114699	I'm_Not_Okay
114700	I'm_Not_Okay_(I_Promise)
114702	I'm_Not_in_Love
114703	I'm_Not_the_Only_One
114704	I'm_Only_Sleeping
114705	I'm_Outta_Time
114707	I'm_Serious
114709	I'm_So_Hot
114713	I'm_Still_Standing
114719	I'm_Working_on_a_Building
114720	I'm_Your_Baby_Tonight
114724	I'm_Your_LolliGirl
114725	I'm_Your_Man
114727	I'm_Your_Man_(레너드_코언의_음반)
114730	I'm_a_Slave_4_U
114733	I'm_in_Love
114736	I'm_into_Something_Good
114739	I'm_the_Man
114740	I'm_the_One
114741	I'm_waiting_4_you
114742	I'm_with_Stupid
114744	I'm_with_You_(노래)
114747	I've
114748	I've_Been_Expecting_You
114749	I've_Been_Loving_You_Too_Long
114751	I've_Been_Waiting_for_This_Night
114752	I've_Got_So_Much_to_Give
114757	I,_I
114762	I-12
114763	I-13
114769	I-20_(서식)
114856	I-STATION_T43_II
114857	I-STATION_T43_Lite
114858	I-STATION_T43_Navi
114859	I-STATION_T43_Standard
114860	I-STATION_U43
114862	I-STATION_U43_DMB
114863	I-STATION_U43_Navi
114864	I-STATION_U43_Standard
114865	I-STATION_V35
114866	I-STATION_V35_Navi
114867	I-STATION_V43
114868	I-STATION_V43_Qtopia
114869	I-STATION_i2
114870	I-STATION_i2_Navi
114871	I-STATION_i2_Standard
114872	I-Station
114873	I-TEPS
114874	I-frame
114875	I-name
114876	I-node
114877	I-pad
114878	I-phone
114879	I-sweeep
114880	I-리그
114881	I-모드
114882	I-플라이
114883	I.A.S.
114884	I.B.I
114885	I.B.I.
114886	I.CINNAMOROLL
114887	I.C_주식회사
114888	I.D.
114889	I.F
114891	I.F_(GNZ48의_음반)
114892	I.L.Y.~欲望~
114893	I.L.Y.~요쿠보~
114894	I.LINK
114895	I.Link
114896	I.M
114897	I.MX
114898	I.N.G
114899	I.N.G.
114900	I.O.I
114901	I.O.I.
114902	I.S.S.N.
114903	I.V
114904	I.V.
114905	I.W.S.P.
114906	I.W.S.P._장비
114910	I._버나드_코헨
114911	I._해밀턴
114913	I.n.g
114914	I.n.g.
114915	I.s.s.n.
114916	I.u.p.a.c
114917	I.u.p.a.c.
114918	I/O
114919	I/O_(동음이의)
114920	I/O_가속_기술
114921	I/O_버스
114922	I/O_스케줄러
114923	I/O_스케줄링
114924	I/O_컨트롤러_허브
114925	I/O_포트
114927	I/P_주소
114928	I/phone
114929	I04HEX
114930	I08HEX
114931	I10
114932	I16HEX
114933	I18N
114934	I18n
114935	I2
114936	I20
114937	I20_N
114938	I286
114939	I287
114940	I2C
114941	I2P
114942	I2_Navi
114943	I2_Standard
114944	I2_내비
114946	I2_스탠다드
114947	I2_엔진
114948	I2c
114951	I3-330E
114952	I3-330M
114953	I3-330UM
114954	I3-350M
114955	I3-370M
114956	I3-380M
114957	I3-380UM
114958	I3-390M
114959	I3-4000M
114960	I3-4100M
114961	I3-4110M
114962	I3-4130
114963	I3-4130T
114964	I3-4150
114966	I3-4160
114968	I3-4170
114969	I3-4170T
114970	I3-4330
114974	I3-4340TE
114975	I3-4350
114976	I3-4350T
114977	I3-4360
114979	I3-4370
114980	I3-4370T
114981	I3-5005U
114982	I3-5010U
114984	I3-5020U
114986	I3-530
114987	I3-540
114988	I3-550
114989	I3-560
114990	I3-6098P
114991	I3-6100
114992	I3-6100T
114993	I3-6100TE
114994	I3-6300
114995	I3-6300T
114996	I3-6320
114997	I3-7100
114998	I3-7100T
115000	I3-7101TE
115002	I3-7300T
115004	I3-7350K
115005	I30
115006	I30_N
115007	I30_fastback_n
115010	I325
115011	I32HEX
115012	I360
115013	I386
115014	I387
115015	I3_(창_관리자)
115016	I3_4130
115017	I3_4130T
115019	I3_4150T
115020	I3_4160
115021	I3_4160T
115022	I3_4170
115025	I3_4330T
115026	I3_4330TE
115027	I3_4340
115028	I3_4340TE
115029	I3_4350
115030	I3_4350T
115032	I3_4360T
115033	I3_4370
115037	I3_6100TE
115038	I3_6300
115039	I3_6300T
115040	I3_6320
115041	I4
115042	I40
115043	I4004
115045	I486
115049	I5-3230M
115052	I5-4430
115053	I5-4430S
115054	I5-4440
115055	I5-4440S
115056	I5-4460
115058	I5-4460T
115059	I5-450M
115060	I5-4570
115061	I5-4570R
115062	I5-4570S
115063	I5-4590
115070	I5-4670S
115073	I5-4690K
115074	I5-4690S
115075	I5-4690T
115077	I5-520E
115078	I5-520M
115081	I5-560M
115082	I5-5675C
115084	I5-580M
115086	I5-6400T
115094	I5-7400
115155	I7-5750HQ
115156	I7-5775C
115164	I7-620M
115165	I7-620UE
115166	I7-620UM
115167	I7-640LM
115172	I7-6567U
115173	I7-6600U
115174	I7-660LM
115175	I7-660UE
115177	I7-6650U
115179	I7-6700HQ
115180	I7-6700K
115181	I7-6700T
115182	I7-6700TE
115183	I7-6785R
115184	I7-680UM
115185	I7-6820EQ
115186	I7-6820HK
115187	I7-6820HQ
115188	I7-6822EQ
115190	I7-720QM
115191	I7-740QM
115192	I7-7700
115193	I7-7700K
115194	I7-7700T
115195	I7-7740X
115196	I7-820QM
115197	I7-840QM
115198	I7-860
115199	I7-860S
115200	I7-870
115201	I7-870S
115202	I7-875K
115203	I7-880
115204	I7-920
115206	I7-930
115207	I7-940
115208	I7-940XM
115209	I7-950
115211	I7-965
115212	I7-970
115213	I7-975
115214	I7-980
115215	I7-980X
115216	I7-990X
115217	I740
115218	I7500
115219	I770
115221	I7_4770
115222	I7_4770K
115223	I7_4770S
115224	I7_4770T
115225	I7_4770TE
115226	I7_4771
115227	I7_4785T
115228	I7_4790
115229	I7_4790S
115230	I7_4790T
115232	I8000
115235	I8086
115237	I8910
115238	I8910HD
115240	I9-7900X
115241	I9-7920X
115243	I9-7960X
115245	I90
115246	I9000
115247	I9020T
115248	I907
115249	I910
115252	I94
115253	I94_양식
115256	I=U=WE_序(Xu)
115258	IA
115262	IA-32_실행_계층
115263	IA-32_실행_층
115264	IA-32e
115266	IA-64t
115267	IA-8
115269	IA32E
115270	IA32e
115271	IA64
115272	IA64-t
115274	IAA
115275	IAAC
115276	IAAF
115278	IAAF_다이아몬드_리그
115280	IAAF_세계_육상_선수권_대구_대회
115281	IAAF_세계_육상_선수권_대회
115283	IAAF_올해의_육상_선수
115284	IAAF_월드컵
115286	IAAF올해의육상선수
115290	IABP
115291	IAB_스튜디오
115292	IAB스튜디오
115294	IACD
115297	IADB
115298	IAE
115299	IAEA
115304	IAH
115308	IAIO_투판
115309	IAIO_투판-2
115310	IAI_네셔
115311	IAI_라비
115312	IAI_서처
115316	IAI_하롭
115319	IAI라비
115320	IAI이단
115322	IAI하롭
115327	IAMMONEY
115332	IAPX_187
115334	IAPX_286/10
115335	IAPX_287
115337	IAQ
115338	IAR
115342	IAS
115420	IBK카드
115422	IBL
115425	IBM-8
115426	IBM-PC
115427	IBM-PC/AT
115428	IBM-US
115429	IBM/360
115431	IBM/PC
115432	IBM367
115434	IBM8
115435	IBM819
115436	IBM862
115437	IBM874
115438	IBMPC
115439	IBM_(동음이의)
115440	IBM_1130
115441	IBM_1401
115442	IBM_1620
115445	IBM_2070
115447	IBM_3270_PC
115448	IBM_360
115449	IBM_437
115450	IBM_5100
115452	IBM_5150
115453	IBM_5150_PC
115454	IBM_5175
115455	IBM_700
115456	IBM_700/7000_시리즈
115457	IBM_7000
115459	IBM_704
115461	IBM_801
115463	IBM_916
115464	IBM_AIX
115465	IBM_AMOS
115467	IBM_APPC
115468	IBM_AT
115469	IBM_Blue_Gene
115470	IBM_Bluemix
115471	IBM_CDRA
115473	IBM_COBOL
115475	IBM_Cloud_Video
115476	IBM_DB2
115477	IBM_DB2_Express-C
115478	IBM_Db2_계열
115480	IBM_DevOps_Code_ClearCase
115481	IBM_EGA
115485	IBM_IMS
115486	IBM_Informix
115487	IBM_LinuxONE
115488	IBM_Lotus_Symphony
115489	IBM_MDA
115490	IBM_MDPA
115491	IBM_MQ
115492	IBM_MVDM
115493	IBM_Music_Feature_Card
115494	IBM_OS/2
115497	IBM_PC/AT
115498	IBM_PC/XT
115499	IBM_PC110
115500	IBM_PC_5150
115501	IBM_PC_AT
115502	IBM_PC_Convertible
115503	IBM_PC_DOS
115505	IBM_PC_주니어
115506	IBM_PC_컨버터블
115507	IBM_PC_호환
115508	IBM_PC_호환_기종
115509	IBM_PC_호환_컴퓨터
115510	IBM_PC_호환기종
115511	IBM_PCjr
115512	IBM_PCs
115513	IBM_PGC
115514	IBM_POWER
115515	IBM_POWER8
115516	IBM_PS/2
115517	IBM_PS/2_모델_30
115518	IBM_Palm_Top_PC110
115519	IBM_Parallel_Sysplex
115520	IBM_Personal_Computer/AT
115521	IBM_Plex
115522	IBM_Power_Systems
115523	IBM_PureQuery
115526	IBM_Rational_MultiVersion_File_System
115527	IBM_S/360
115528	IBM_System/360
115529	IBM_System/360-20
115530	IBM_System/370
115531	IBM_System/390
115533	IBM_System_R
115534	IBM_System_Z
115535	IBM_System_i
115536	IBM_System_z
115538	IBM_VGA
115539	IBM_Watson
115540	IBM_WebFountain
115541	IBM_WebSphere
115542	IBM_Wheelwriter
115543	IBM_Z
115545	IBM_z
115546	IBM_z12
115547	IBM_z13
115548	IBM_z14
115549	IBM_z15
115550	IBM_z890
115551	IBM_zBC12
115552	IBM_zEC12
115557	IBM_zSeries
115558	IBM_z_System
115559	IBM_z_Systems
115560	IBM_z_시스템
115565	IBM_노트
115566	IBM_데브옵스_코드_클리어케이스
115568	IBM_래셔널_멀티버전_파일_시스템
115569	IBM_래셔널_클리어케이스
115571	IBM_로체스터
115572	IBM_로터스_도미노
115573	IBM_로터스_심포니
115574	IBM_리눅스원
115575	IBM_리서치
115576	IBM_메인프레임
115577	IBM_메인프레임_유틸리티
115578	IBM_메인프레임_유틸리티_프로그램
115579	IBM_모노크롬_디스플레이_어댑터
115580	IBM_모델_M
115581	IBM_모델_M_키보드
115583	IBM_블루_진
115585	IBM_비디오_그래픽스_어레이
115586	IBM_사이먼
115587	IBM_사이먼_퍼스널_커뮤니케이터
115588	IBM_시스템/360
115590	IBM_시스템/370
115591	IBM_시스템/390
115593	IBM_시스템_R
115594	IBM_시스템_Z
115595	IBM_시스템_i
115599	IBM_씽크패드
115601	IBM_어워드
115604	IBM_왓슨_연구소
115605	IBM_웹스피어
115607	IBM_웹익스플로러
115610	IBM_정보_관리_시스템
115611	IBM_카드
115612	IBM_컨버터블
115618	IBM_클라우드
115619	IBM_클라우드_비디오
115623	IBM_톱뷰
115625	IBM_파워8
115626	IBM_파워_8
115627	IBM_파워_마이크로프로세서
115637	IBM_호환_PC
115642	IBM_확장_아스키
115643	IBM_휠라이터
115728	ICAO_공항_코드_목록:_K
115732	ICAO_공항_코드_목록:_O
115733	ICAO_공항_코드_목록:_P
115734	ICAO_공항_코드_목록:_R
115735	ICAO_공항_코드_목록:_S
115736	ICAO_공항_코드_목록:_T
115737	ICAO_공항_코드_목록:_U
115738	ICAO_공항_코드_목록:_V
115739	ICAO_공항_코드_목록:_W
115741	ICAO_공항_코드_목록:_Z
115743	ICAO_코드
115744	ICAO_항공사_지정자
115745	ICAO공항코드
115746	ICARDA
115747	ICARE
115748	ICB
115749	ICBC
115750	ICBD
115751	ICBL
115752	ICBM
115753	ICBN
115754	ICBP
115755	ICC
115756	ICCC
115757	ICCU
115758	ICCU_(식별자)
115759	ICCV
115760	ICC_profile
115761	ICC_월드_T20
115762	ICC_월드_트웬티20
115763	ICC_월드_트웬티_20
115764	ICC_컬러_프로파일
115765	ICC_타워
115766	ICC_프로파일
115767	ICC_프로필
115768	ICC월드트웬티20
115770	ICD
115771	ICD-10
115772	ICD-10_챕터_I:_특정_전염병_및_기생충병
115773	ICD-10_챕터_I:_특정_전염성_및_기생충성_질병
115774	ICD-10_챕터_II:_종양
115775	ICD-10_챕터_III:_혈액과_조혈_기관의_질병_및_면역_체계_관련_특정_장애
115776	ICD-10_챕터_IV:_내분비,_영양_및_대사_질병
115777	ICD-10_챕터_V:_정신_및_행동_장애
115778	ICD-10_챕터_VI:_신경계통의_질병
115779	ICD-10_챕터_VII:_귀와_유양돌기의_질병
115780	ICD-10_챕터_VII:_눈과_부속기의_질병
115781	ICD-10_코드의_목록
115782	ICD-11
115784	ICD-9_코드_목록
115785	ICD-9_코드의_목록
115786	ICD_(기업)
115787	ICE
115788	ICE3
115789	ICER
115790	ICEY
115791	ICE_1
115792	ICE_2
115793	ICE_3
115794	ICE_4
115795	ICE_S
115796	ICE_T
115797	ICE_TD
115798	ICE_V
115799	ICF
115800	ICFTU
115801	ICG
115802	ICH
115803	ICHILLIN'
115804	ICH_(기업)
115805	ICI
115806	ICIA_(식별자)
115808	ICICI_뱅크
115809	ICICI_은행
115811	ICIUM
115812	ICJ
115813	ICK
115814	ICKDSF
115815	ICL
115816	ICM
115817	ICMP
115819	ICMPv4
115820	ICMPv6
115821	ICN
115822	ICO
115823	ICOCA
115825	ICOM
115826	ICOMOS
115827	ICON
115828	ICONIQ
115830	ICON_A5
115831	ICOOP
115833	ICOOP생산자회
115834	ICOOP생협
115835	ICOOP생협연대
115836	ICOTEC
115837	ICO_(파일_포맷)
115838	ICP
115839	ICP-AES
115840	ICP-MS
115841	ICPC
115842	ICPD
115843	ICPO
115844	ICQ
115846	ICRP
115847	ICRU
115848	ICS
115849	ICSE
115850	ICSID
115851	ICSID_협약
115852	ICSYV
115853	ICT
115854	ICTK
115856	ICTR
115857	ICTY
115858	ICT_커넥티드_변속_시스템
115859	ICT폴리텍대학
115860	ICU
115861	ICUE
115862	ICV
115863	ICVS
115864	ICW
115865	ICX
115866	ICY
115867	IC_1
115869	IC_1000~1999
115870	IC_1101
115871	IC_1590
115872	IC_1613
115873	IC_165
115874	IC_1848
115875	IC_1~999
115877	IC_2000
115878	IC_2118
115879	IC_2497
115881	IC_2602
115882	IC_2944
115883	IC_298
115884	IC_3
115885	IC_342
115886	IC_342/마페이_은하군
115888	IC_405
115889	IC_434
115890	IC_4592
115892	IC_4725
115893	IC_4895
115895	IC_50
115896	IC_5000~5386
115897	IC_5000~5836
115898	IC_5000~5840
115899	IC_5070
115900	IC_5146
115902	IC_76
115903	IC_819
115905	IC_Bus
115906	IC_Manage
115907	IC_레이아웃
115908	IC_매니지
115909	IC_목록
115910	IC_버스
115911	IC_천체
115913	IC_항성목록
115914	ICab
115915	ICal
115916	ICalendar
115917	ICarly
115919	IChat
115921	IC버스
115923	IC천체
115924	IC칩
115926	IC항성목록
115927	ID
115928	ID-000
115929	ID-000_카드
115930	ID-000_포맷
115931	ID-1/000
115932	ID-1/000_카드
115934	ID-1_카드
115936	ID-2_카드
115937	ID-2_포맷
115938	ID-3_카드
115940	ID3
115941	ID3_알고리즘
115942	ID5
115944	ID;_Peace_B_(노래)
115945	IDA
115946	IDAS
115947	IDA_Pro
115948	IDA_프로
115953	IDC
115954	IDCAMS
115955	IDD
115956	IDE
115958	IDEA_리그
115959	IDEA_알고리즘
115965	IDENTITY_:_First_Sight
115966	IDF
115967	IDFA
115968	IDF_곡선
115969	IDF_캐터필러_D9
115971	IDGAF
115972	IDH
115974	IDIOTAPE
115976	IDJMG
115977	IDL
115978	IDLE
116074	IEC_958
116076	IEC_TC_12
116077	IEC_기술_위원회_12
116079	IEC_이진_접두어
116080	IEC_접두어
116082	IEC_표준_이진_접두어
116086	IEEE-1275
116088	IEEE-1394
116089	IEEE-488
116090	IEEE-4888
116091	IEEE-696
116092	IEEE-754
116093	IEEE-IX
116094	IEEE-SA
116095	IEEE-Std-1471-2000
116096	IEEE1275
116097	IEEE1284
116098	IEEE1394
116099	IEEE1394b
116101	IEEE488
116102	IEEE754
116103	IEEE802.11n
116104	IEEE802.3af
116105	IEEE_1003
116106	IEEE_1003.1
116107	IEEE_1012
116108	IEEE_1073
116109	IEEE_1076
116110	IEEE_11073
116111	IEEE_1149
116112	IEEE_1149.1
116113	IEEE_1164
116114	IEEE_1219
116115	IEEE_12207
116116	IEEE_1275
116117	IEEE_1284
116118	IEEE_1284_타입_A
116119	IEEE_1284_타입_B
116120	IEEE_1284_타입_C
116122	IEEE_1355
116123	IEEE_1355-1995
116125	IEEE_1364
116126	IEEE_1394
116127	IEEE_1394a
116128	IEEE_1394b
116129	IEEE_1394c
116130	IEEE_1471
116131	IEEE_1516
116133	IEEE_1541-2002
116134	IEEE_1547
116135	IEEE_1584
116136	IEEE_1588
116137	IEEE_1588-2002
116138	IEEE_1588-2008
116139	IEEE_1588-2019
116140	IEEE_1588v2
116141	IEEE_1603
116142	IEEE_1613
116143	IEEE_1613-2003
116144	IEEE_1667
116145	IEEE_1675
116146	IEEE_1675-2008
116148	IEEE_1800
116150	IEEE_1900
116151	IEEE_1900.4
116152	IEEE_1900.X
116153	IEEE_1901
116154	IEEE_2030
116155	IEEE_488
116156	IEEE_696
116158	IEEE_754-1985
116159	IEEE_754-2008
116160	IEEE_754-2019
116161	IEEE_754_포맷
116162	IEEE_802
116163	IEEE_802.1
116164	IEEE_802.10
116167	IEEE_802.11F
116168	IEEE_802.11_RTS/CTS
116170	IEEE_802.11a-1999
116171	IEEE_802.11ac
116172	IEEE_802.11ac-2013
116173	IEEE_802.11ad
116174	IEEE_802.11ax
116176	IEEE_802.11ay
116178	IEEE_802.11b-1999
116183	IEEE_802.11e-2005
116184	IEEE_802.11f
116185	IEEE_802.11g
116186	IEEE_802.11g-2003
116187	IEEE_802.11h
116188	IEEE_802.11h-2003
116189	IEEE_802.11i
116190	IEEE_802.11i-2004
116191	IEEE_802.11j
116192	IEEE_802.11j-2004
116195	IEEE_802.11n
116196	IEEE_802.11n-2009
116197	IEEE_802.11p
116199	IEEE_802.11r-2008
116200	IEEE_802.11s
116201	IEEE_802.11u
116202	IEEE_802.11u-2011
116203	IEEE_802.11v
116204	IEEE_802.11w
116205	IEEE_802.11w-2009
116207	IEEE_802.11y-2008
116209	IEEE_802.15
116210	IEEE_802.15.1
116211	IEEE_802.15.4
116212	IEEE_802.15.4-2003
116213	IEEE_802.15.4-2006
116214	IEEE_802.15.4a
116215	IEEE_802.15.4a-2007
116216	IEEE_802.16
116217	IEEE_802.16-2004
116218	IEEE_802.16a
116219	IEEE_802.16c
116220	IEEE_802.16e
116221	IEEE_802.16e-2005
116222	IEEE_802.16f
116223	IEEE_802.16f-2005
116224	IEEE_802.16m
116227	IEEE_802.1AE
116228	IEEE_802.1AS
116229	IEEE_802.1AX
116231	IEEE_802.1AX-2014
116233	IEEE_802.1Q
116234	IEEE_802.1Qat
116235	IEEE_802.1Qav
116236	IEEE_802.1Qay
116237	IEEE_802.1X
116238	IEEE_802.1ad
116240	IEEE_802.1ah
116241	IEEE_802.1ah-2008
116243	IEEE_802.1aq
116244	IEEE_802.1ax
116245	IEEE_802.1p
116246	IEEE_802.2
116249	IEEE_802.22
116251	IEEE_802.3
116256	IEEE_802.3-2008
116258	IEEE_802.3-2015
116260	IEEE_802.3ab
116261	IEEE_802.3ad
116264	IEEE_802.3af
116268	IEEE_802.3at
116269	IEEE_802.3ba
116272	IEEE_802.3bz
116275	IEEE_802.3q
116276	IEEE_802.3u
116277	IEEE_802.3y
116278	IEEE_802.4
116279	IEEE_802.5
116285	IEEE_802·3
116286	IEEE_802위원회
116288	IEEE_829-1998
116291	IEEE_Conference_on_Artificial_Intelligence
116293	IEEE_P1394
116295	IEEE_P1675
116299	IEEE_P2030
116356	IFA_실드
116374	IFFHS
116375	IFFI
116376	IFFR
116377	IFJ
116379	IFK_마리에함
116380	IFK_예테보리
116381	IFK노르셰핑
116384	IFL
116385	IFLA
116386	IFM
116387	IFM_경인방송
116388	IFM_경인방송의_텔레비전_프로그램_목록
116389	IFN
116390	IFN-γ
116391	IFNA7
116392	IFNG
116393	IFNγ
116396	IFOAM_세계유기농대회_한국조직위원회
116397	IFPI
116398	IFPI_그리스
116399	IFPI그리스
116400	IFPRI
116401	IFR
116402	IFRAME
116403	IFRC
116404	IFRS
116405	IFS
116406	IFSC_클라이밍_월드컵
116407	IFSS
116408	IFT
116409	IFTTT
116410	IFTU
116413	IF_IN_LOVE_LIKE_THEM
116414	IF_YOU
116415	IF_YOU_(빅뱅의_노래)
116416	IF_브롬마포이카르나
116417	IF_엘프스보리
116418	IF_푸글라푀르더
116419	IFixit
116420	IF문
116421	IF브롬마포이카르나
116422	IF엘프스보리
116423	IF푸글라푀르더
116425	IG2
116426	IGA
116427	IGB
116428	IGBT
116429	IGC
116430	IGCC
116431	IGCSE
116432	IGCT
116433	IGD
116434	IGF
116435	IGF-1
116436	IGFA
116437	IGFA한국위원회
116438	IGGF
116439	IGK
116440	IGK@
116441	IGL
116442	IGL@
116443	IGM
116444	IGMP
116446	IGN
116447	IGN_(동음이의)
116448	IGN_엔터테인먼트
116449	IGP
116450	IGPU
116451	IGR
116452	IGRP
116453	IGR_이와테_은하_철도
116455	IGR_이와테_은하철도
116456	IGR선
116457	IGR이와테_은하_철도
116458	IGR이와테은하철도
116459	IGS
116460	IGS_위성
116462	IGTV
116463	IGU
116465	IGZO
116467	IG_Port
116468	IG_파르벤
116469	IG_포트
116470	IG_필드
116471	IGene
116472	IGoogle
116473	IG포트
116474	IH
116475	IHA
116477	IHC
116479	IHE
116480	IHES
116482	IHF
116483	IHG_호텔_&_리조트
116484	IHI
116485	IHI_(기업)
116486	IHI_인프라_시스템
116487	IHL
116488	IHO
116489	IHOP
116490	IHQ
116491	IHQ_(텔레비전_채널)
116492	IHQ_DRAMA
116494	IHQ_SHOW
116495	IHQ의_음반
116497	IHS
116498	IHÉS
116499	IH공사
116500	II
116501	IIA
116502	IIA족_원소
116503	IIC
116504	IICP
116505	IID
116506	IIDC
116507	IIFA_올해의_여자_스타_데뷔_상
116509	IIH
116510	IIHF
116511	IIHS
116512	III
116513	III-C
116514	III_(음악_그룹)
116515	III_(크리스털_캐슬스의_음반)
116516	III_(테이크_댓의_음반)
116517	III_Sides_to_Every_Story
116518	IIN
116519	IIOP
116520	IIP
116521	IIS
116523	IISS
116524	IIST
116525	IIS_7
116526	IIS_서버
116527	IIS_익스프레스
116528	IISc
116530	IITKGP
116531	IITP
116532	IIT_Kharagpur
116533	IIT_델리
116535	IIT_디자인학교
116536	IIT_카라그퍼
116538	IIT_카락푸르
116539	IIT카라그푸르
116542	IIb형_초신성
116543	IIoT
116544	II형_감각_신경섬유
116547	IJ
116549	IJKL
116550	IJKL_키
116551	IJKM_키
116552	IJSO
116555	IJustine
116556	IK
116557	IKA
116558	IKAROS
116560	IKEA
116561	IKEA_카탈로그
116562	IKE_v2
116564	IKEv2
116565	IKF
116566	IKI
116567	IKJEFT01
116568	IKKO
116572	IKON의_음반_외_활동_목록
116573	IKON의음반목록
116574	IKON의음반외활동목록
116575	IKT
116577	IKU_(가수)
116581	IL
116587	IL-76
116588	IL-78
116589	IL18
116593	ILATE_법칙
116594	ILA_베를린_에어쇼
116597	ILC
116607	ILM
116696	IMF_관리체제
116700	IMF_구제금융_요청
116702	IMF_구제금융사건
116703	IMF_사건
116705	IMF_시대
116706	IMF_외환_위기
116707	IMF_외환위기
116708	IMF_위기
116709	IMF_통화_체제
116710	IMF_통화체제
116715	IMF구제금융사건
116716	IMF사태
116717	IMF외환위기
116718	IMF회원국
116719	IMG
116720	IMGT
116721	IMG_아카데미
116722	IMG아카데미
116723	IMI
116724	IMI_갈릴
116725	IMI_네게브
116726	IMI_시스템즈
116731	IML
116732	IMM
116733	IMM32.DLL
116737	IMM크레딧
116738	IMM크레딧앤솔루션
116739	IMM프라이빗에쿼티
116740	IMM홀딩스
116744	IMP.
116745	IMPA
116746	IMPAC
116747	IMS
116748	IMS/DB
116750	IMSDB
116754	IMSO
116824	ING_그룹
116825	ING그룹
116828	INH
116830	INHX16M
116831	INHX32
116834	INHX8M
116837	INI_(음악_그룹)
116839	INI스틸
116841	INK
116842	INK_MUSIC
116843	INL
116844	INLA
116845	INMOST
116846	INN
116847	INNOCENCE
116848	INNOCENT_(음반)
116850	INO-4800
116852	INPEX
116853	INP_(기업)
116854	INR
116855	INRA
116857	INS
116858	INSA
116859	INSCOM
116860	INSEAD
116861	INSEE
116862	INSEE_번호
116863	INSEE_코드
116864	INSERT_(SQL)
116865	INSIDE
116866	INSIDE_(비디오_게임)
116868	INS_비샬
116869	INS_비크라마디트야
116870	INS_비크라마디티야
116871	INS_비크란트
116872	INS_에일라트
116874	INS비라트
116875	INS비샬
116876	INS비크라마디티야
116877	INS에일라트
116878	INS하닛
116880	INTA
116881	INTEGRAL
116882	INTEGRITY-178B
116883	INTELSAT
116884	INTERBUS
116885	INTERCAL
116888	INTERSECTION
116889	INTERSECTION_(그룹)
116890	INTERSPUTNIK
116892	INTERVIEW_(아이비의_음반)
116894	INTO1
116895	INTO1's_WONDERLAND
116896	INTP
116897	INT_(x86_명령어)
116899	INT_10H
116900	INT_18H
116901	INT_18h
116902	INT_20h
116903	INT_21
116904	INT_21H
116906	INU
116909	INVISIBLE
116910	INVISIBLE_(w-inds.의_음반)
116911	INVITATION
116912	INVITATION_(업텐션의_음반)
116913	INVOKE
116914	INVOKE_(싱글)
116915	INVU
116916	INVU_(음반)
116917	INXS
116918	INXS_(음반)
116919	IN_GOD_WE_TRUST
116920	IN_MY_ARMS_TONIGHT
116922	IN_THE_WIND
116923	IN_서비스
116924	INaturalist
116925	INiS
116927	IO-Link
116928	IO.SYS
116929	IOA
116931	IOB_포맷
116933	IOCCC
116934	IOC_(동음이의)
116938	IOC_국가별_코드_목록
116940	IOC_선수위원
116941	IOC_선수위원회
116943	IOC_위원장_목록
116945	IOC_코드
116946	IOC국가코드목록
116947	IOC선수위원회
116949	IODD
116950	IODP
116951	IOE
116953	IOI
116955	IOK
116956	IOK-1
116957	IOK_1
116958	IOL
116959	IOM
116962	IOM_이민정책연구원
116963	IOM이민정책연구원
116964	IONIQ
116965	IONIS_교육_그룹
116966	IONIS교육그룹
116967	IOP
116972	IOPS_스타리그_04~05
116974	IOR
116977	IOS14
116978	IOS4
116982	IOS9
116984	IOS_(동음이의)
116985	IOS_1
116987	IOS_1.0.1
116988	IOS_1.0.2
116995	IOS_10
117000	IOS_10.1.1
117001	IOS_10.2
117004	IOS_10.3.1
117005	IOS_10.3.2
117006	IOS_10.3.3
117008	IOS_11
117009	IOS_11.0
117013	IOS_11.1
117014	IOS_11.1.1
117015	IOS_11.1.2
117018	IOS_12
117021	IOS_13.2.2
117024	IOS_13.5
117025	IOS_13.7
117027	IOS_14.1
844793	스티브_톨레슨
1143927	인천교통공사_2000호대_전동차
1143956	인천국제공항공사_스타라인
1143984	인천기독교사회복지관
1495991	한화종합화학(주)
1551329	히다후루카와역
1551345	히데
1551357	히데마사
1551370	히데오_이타미
1551386	히데토
1551398	히도_판_로쉼
1551411	히드라_(위성)
1551632	히라누마_히가시나시라
1551767	히라시마촌_(도쿠시마현)
1551780	히라쓰카라이초
1551796	히라야마_성지공원역
1551808	히라야마조시코엔_역
1551821	히라오_치카